Model,RMSE,MAE,R²
Linear Regression,928094.120408578,143490.55600076943,-2.7523329503287335
Random Forest,1133070.3051606922,67863.94749783925,-4.592822550555399
XGBoost,376508.0562057164,25019.483504614167,0.38245889450334225
