,Segment,Customer_Count,Percentage_of_Total,Avg_CLV,Median_CLV,Min_CLV,Max_CLV,Total_CLV,CLV_Contribution
Medium Value,Medium Value,50,50.0,6101.044095999999,4835.635,1298.4275,19031.156,305052.20479999995,19.270523635891745
High Value,High Value,20,20.0,64688.73974999999,45476.246,21995.396,181766.0,1293774.795,81.72934787642124
Low Value,Low Value,30,30.0,-527.5985491466668,-47.112981500000004,-8502.902,1015.81775,-15827.956474400002,-0.9998715123130003
