CLV_Segment,count,mean,median,std,min,max,sum
High Value,42,30541.74,26721.06,8881.24,22840.48,54800.62,1.2827529e+06
Low Value,60,4198.28,4527.02,1584.77,270.07,5947.98,251897.06
Medium Value,98,13079.14,12206.89,4535.81,6138.2,22645.28,1.2817562e+06
